subreddit,total_rules,legitimacy_codes_count,literacy_codes_count,infrastructure_codes_count,equity_codes_count,top_legitimacy_code,top_literacy_code,top_infrastructure_code,top_equity_code
academicpsychology,29,20,4,8,0,knowledge_criteria,anecdote_allowance,megathread_use,None
addisonsdisease,10,4,0,4,0,medical_advice_prohibition,None,flair_system,None
adhd,37,14,4,6,2,knowledge_criteria,anecdote_allowance,structured_format,inclusion_mechanisms
adhdfitness,10,8,2,0,6,medical_advice_prohibition,supportive_environment,None,inclusion_mechanisms
adhdireland,6,6,8,0,2,knowledge_criteria,anecdote_allowance,None,inclusion_mechanisms
adhdph,22,10,4,14,2,source_requirements,anecdote_allowance,flair_system,safe_space_creation
adhduk,37,30,2,4,2,medical_advice_prohibition,anecdote_allowance,structured_format,safe_space_creation
adultadhdsupportgroup,16,4,0,4,4,source_requirements,None,flair_system,inclusion_mechanisms
anxietyhelp,18,2,6,0,0,medical_advice_prohibition,anecdote_allowance,None,None
askadoctor,10,10,6,2,2,medical_advice_prohibition,anecdote_allowance,flair_system,inclusion_mechanisms
askhealth,6,2,0,2,0,medical_advice_prohibition,None,structured_format,None
asthma,6,6,0,0,0,source_requirements,None,None,None
aussiementalhealth,28,6,16,6,0,source_requirements,anecdote_allowance,flair_system,None
austeremedicine,12,2,2,0,0,medical_advice_prohibition,civil_discourse,None,None
bariatricsurgery,4,0,2,0,0,None,anecdote_allowance,None,None
bchealthauthorities,10,0,0,2,0,None,None,structured_format,None
blackwomenadhd,18,6,12,4,4,medical_advice_prohibition,anecdote_allowance,flair_system,gatekeeping_rules
bladdercancer,10,2,0,4,0,knowledge_criteria,None,flair_system,None
breastcancersurvivors,14,8,8,0,0,knowledge_criteria,anecdote_allowance,None,None
cervicalcancer,10,6,0,2,0,medical_advice_prohibition,None,flair_system,None
chemotherapy,8,6,2,0,0,medical_advice_prohibition,civil_discourse,None,None
chronicillnesstips,12,2,2,2,2,medical_advice_prohibition,civil_discourse,wiki_reference,inclusion_mechanisms
clinicalpharmacy,10,2,0,2,0,medical_advice_prohibition,None,structured_format,None
clinicalpsychology,12,4,2,0,0,medical_advice_prohibition,anecdote_allowance,None,None
clinicaltrialgame,10,2,2,0,0,source_requirements,civil_discourse,None,None
coronavirus,31,2,2,14,0,misinformation_definition,anecdote_allowance,structured_format,None
coronavirusasthma,10,10,6,4,0,medical_advice_prohibition,anecdote_allowance,flair_system,None
coronavirusus,26,18,8,4,0,knowledge_criteria,anecdote_allowance,structured_format,None
covid19,28,36,4,10,0,knowledge_criteria,civil_discourse,structured_format,None
covidsantaclaraco,6,0,0,2,0,None,None,structured_format,None
crashercancer,14,0,2,0,0,None,civil_discourse,None,None
doctormike,14,10,6,4,4,knowledge_criteria,anecdote_allowance,flair_system,safe_space_creation
editasmedicine,6,2,2,0,0,knowledge_criteria,civil_discourse,None,None
emergencyroom,28,6,0,0,0,medical_advice_prohibition,None,None,None
endometrialcancer,6,4,4,0,0,medical_advice_prohibition,civil_discourse,None,None
explantsurgery,22,4,14,2,0,medical_advice_prohibition,anecdote_allowance,flair_system,None
familymedicine,18,12,4,18,2,knowledge_criteria,civil_discourse,wiki_reference,inclusion_mechanisms
generalsurgery,4,2,0,0,0,medical_advice_prohibition,None,None,None
gestationaldiabetes,10,8,6,2,0,medical_advice_prohibition,anecdote_allowance,structured_format,None
guthealth,4,0,2,0,0,None,anecdote_allowance,None,None
headandneckcancer,20,6,4,0,0,medical_advice_prohibition,civil_discourse,None,None
healingheartsminds,20,2,2,2,0,knowledge_criteria,civil_discourse,flair_system,None
health,60,4,5,4,0,misinformation_definition,anecdote_allowance,structured_format,None
healthanxiety,29,2,4,9,0,medical_advice_prohibition,anecdote_allowance,megathread_use,None
healthcare_anon,26,10,0,6,0,misinformation_definition,None,structured_format,None
healthinsurance,18,8,2,0,0,source_requirements,supportive_environment,None,None
healthquestions,20,4,6,4,0,medical_advice_prohibition,supportive_environment,flair_system,None
healthyeatingnow,12,0,0,2,2,None,None,flair_system,inclusion_mechanisms
healthygamergg,22,6,6,2,0,medical_advice_prohibition,anecdote_allowance,flair_system,None
hearthealth,24,8,6,2,0,knowledge_criteria,anecdote_allowance,structured_format,None
herpescureadvocates,20,10,4,5,0,knowledge_criteria,civil_discourse,structured_format,None
hospital,6,0,0,0,0,None,None,None,None
indiamentalhealth,26,4,6,4,0,medical_advice_prohibition,anecdote_allowance,structured_format,None
irishwomenshealth,18,18,4,2,4,knowledge_criteria,civil_discourse,structured_format,safe_space_creation
kidneycancer,10,4,0,0,0,medical_advice_prohibition,None,None,None
kratomhealthusa,16,0,6,2,0,None,anecdote_allowance,flair_system,None
lgbtqmentalhealth,16,0,14,0,2,None,anecdote_allowance,None,inclusion_mechanisms
longcovid,12,2,2,2,0,knowledge_criteria,civil_discourse,structured_format,None
malesexualhealth,18,0,6,0,8,None,anecdote_allowance,None,inclusion_mechanisms
medicationquestions,10,8,8,0,0,source_requirements,anecdote_allowance,None,None
mentalhealthuk,30,24,20,12,10,knowledge_criteria,anecdote_allowance,structured_format,inclusion_mechanisms
midihealth,12,6,12,4,0,source_requirements,anecdote_allowance,structured_format,None
military_medicine,2,4,2,0,0,medical_advice_prohibition,anecdote_allowance,None,None
naturopathicmedicine,6,0,2,0,0,None,supportive_environment,None,None
neuropsychology,16,14,10,6,0,knowledge_criteria,anecdote_allowance,structured_format,None
nursinghome,8,0,2,2,0,None,supportive_environment,structured_format,None
occupationaltherapy,30,0,6,8,0,None,civil_discourse,flair_system,None
occupationaltherapyph,7,0,2,0,9,None,civil_discourse,None,safe_space_creation
openheartsurgery,8,0,2,0,0,None,civil_discourse,None,None
pediatriccancer,4,2,0,0,0,medical_advice_prohibition,None,None,None
plasticsurgery,24,10,4,4,0,source_requirements,supportive_environment,structured_format,None
pmddxadhd,16,14,10,4,4,knowledge_criteria,anecdote_allowance,structured_format,gatekeeping_rules
pomhealth,10,4,6,2,0,medical_advice_prohibition,anecdote_allowance,flair_system,None
publichealthinfo,2,0,2,2,0,None,anecdote_allowance,structured_format,None
radiationtherapy,6,0,2,2,0,None,anecdote_allowance,structured_format,None
santementale,8,2,0,0,0,medical_advice_prohibition,None,None,None
schematherapy,18,6,4,0,6,knowledge_criteria,anecdote_allowance,None,inclusion_mechanisms
separation_anxiety,8,0,4,0,0,None,civil_discourse,None,None
talesfromthepharmacy,8,4,4,2,0,medical_advice_prohibition,anecdote_allowance,structured_format,None
talktherapy,16,6,0,4,4,medical_advice_prohibition,None,structured_format,gatekeeping_rules
thenurserynurse,20,0,4,6,0,None,civil_discourse,flair_system,None
thepatient,16,2,2,2,0,knowledge_criteria,anecdote_allowance,structured_format,None
thevaccines,8,0,0,0,0,None,None,None,None
thyroideyedisease,10,6,0,0,0,knowledge_criteria,None,None,None
tmstherapy,8,2,2,2,0,misinformation_definition,civil_discourse,structured_format,None
top_surgery_peri,10,0,2,2,0,None,civil_discourse,structured_format,None
traumatherapy,8,4,0,0,0,medical_advice_prohibition,None,None,None
twoxadhd,37,12,10,2,4,medical_advice_prohibition,civil_discourse,structured_format,inclusion_mechanisms
universalhealthcare,6,0,0,0,0,None,None,None,None
vaccine,16,28,4,8,0,knowledge_criteria,anecdote_allowance,structured_format,None
vascularsurgery,6,4,2,0,0,medical_advice_prohibition,anecdote_allowance,None,None
veterinarymedicine,2,0,0,0,0,None,None,None,None
vyvanseadhd,16,6,2,4,0,medical_advice_prohibition,civil_discourse,flair_system,None
womenspelvichealth,14,8,4,6,0,knowledge_criteria,anecdote_allowance,flair_system,None
adhdwomen,20,10,4,2,2,knowledge_criteria,anecdote_allowance,flair_system,inclusion_mechanisms
cardio,6,0,8,2,2,None,supportive_environment,structured_format,inclusion_mechanisms
clinicalresearch,10,0,0,4,0,None,None,megathread_use,None
depressionmeals,10,0,0,0,0,None,None,None,None
disease,8,2,4,2,0,source_requirements,anecdote_allowance,structured_format,None
hospitalist,10,2,0,0,0,knowledge_criteria,None,None,None
malementalhealth,19,4,4,0,0,knowledge_criteria,civil_discourse,None,None
medicine,22,14,6,10,0,knowledge_criteria,anecdote_allowance,flair_system,None
mental,18,14,18,2,2,knowledge_criteria,anecdote_allowance,structured_format,inclusion_mechanisms
mentalillness,16,14,4,0,2,knowledge_criteria,anecdote_allowance,None,inclusion_mechanisms
nursepractitioner,7,0,3,0,2,None,anecdote_allowance,None,inclusion_mechanisms
pharmacy,22,16,4,4,4,knowledge_criteria,anecdote_allowance,megathread_use,inclusion_mechanisms
phdpublichealth,10,0,2,2,0,None,civil_discourse,structured_format,None
physicaltherapy,20,8,2,2,0,medical_advice_prohibition,anecdote_allowance,megathread_use,None
prediabetes,23,27,8,10,2,knowledge_criteria,anecdote_allowance,structured_format,inclusion_mechanisms
psychnursing,25,8,2,9,2,source_requirements,civil_discourse,flair_system,inclusion_mechanisms
psychologystudents,29,15,2,2,0,knowledge_criteria,anecdote_allowance,flair_system,None
rarediseases,16,12,0,6,0,knowledge_criteria,None,megathread_use,None
redlighttherapy,10,0,2,0,0,None,civil_discourse,None,None
skincancer,10,6,4,2,0,medical_advice_prohibition,anecdote_allowance,structured_format,None
sportspsychology,9,0,0,2,2,None,None,flair_system,inclusion_mechanisms
therapydogs,12,2,2,2,0,misinformation_definition,anecdote_allowance,structured_format,None
wildernessmedicine,18,2,2,4,2,medical_advice_prohibition,anecdote_allowance,structured_format,inclusion_mechanisms