subreddit,governance_cluster,spectrum_position,spectrum_pole
academicpsychology,Organized Discussion,0.6,Moderate/Neutral
addisonsdisease,Organized Discussion,0.6666666666666666,Participatory Curation
adhd,Balanced Approach,0.6,Moderate/Neutral
adhdfitness,Strict Moderation,0.0,Pre-emptive Censorship
adhdireland,Strict Moderation,0.0,Pre-emptive Censorship
adhdph,Structured Community,0.875,Participatory Curation
adhduk,Strict Moderation,0.25,Pre-emptive Censorship
adultadhdsupportgroup,Structured Community,1.0,Participatory Curation
anxietyhelp,Strict Moderation,0.0,Pre-emptive Censorship
askadoctor,Strict Moderation,0.2,Pre-emptive Censorship
askhealth,Balanced Approach,0.5,Moderate/Neutral
asthma,Balanced Approach,0.5,Moderate/Neutral
aussiementalhealth,Structured Community,1.0,Participatory Curation
austeremedicine,Strict Moderation,0.0,Pre-emptive Censorship
bariatricsurgery,Balanced Approach,0.5,Moderate/Neutral
bchealthauthorities,Structured Community,1.0,Participatory Curation
blackwomenadhd,Organized Discussion,0.5,Moderate/Neutral
bladdercancer,Structured Community,1.0,Participatory Curation
breastcancersurvivors,Strict Moderation,0.0,Pre-emptive Censorship
cervicalcancer,Organized Discussion,0.3333333333333333,Pre-emptive Censorship
chemotherapy,Strict Moderation,0.0,Pre-emptive Censorship
chronicillnesstips,Strict Moderation,0.0,Pre-emptive Censorship
clinicalpharmacy,Balanced Approach,0.5,Moderate/Neutral
clinicalpsychology,Strict Moderation,0.0,Pre-emptive Censorship
clinicaltrialgame,Balanced Approach,0.5,Moderate/Neutral
coronavirus,Structured Community,1.0,Participatory Curation
coronavirusasthma,Organized Discussion,0.5,Moderate/Neutral
coronavirusus,Balanced Approach,0.6666666666666666,Participatory Curation
covid19,Structured Community,0.8333333333333334,Participatory Curation
covidsantaclaraco,Structured Community,1.0,Participatory Curation
crashercancer,Balanced Approach,0.5,Moderate/Neutral
doctormike,Organized Discussion,0.5,Moderate/Neutral
editasmedicine,Balanced Approach,0.5,Moderate/Neutral
emergencyroom,Strict Moderation,0.0,Pre-emptive Censorship
endometrialcancer,Strict Moderation,0.0,Pre-emptive Censorship
explantsurgery,Organized Discussion,0.5,Moderate/Neutral
familymedicine,Structured Community,0.8333333333333334,Participatory Curation
generalsurgery,Strict Moderation,0.0,Pre-emptive Censorship
gestationaldiabetes,Balanced Approach,0.3333333333333333,Pre-emptive Censorship
guthealth,Balanced Approach,0.5,Moderate/Neutral
headandneckcancer,Strict Moderation,0.0,Pre-emptive Censorship
healingheartsminds,Structured Community,1.0,Participatory Curation
health,Structured Community,1.0,Participatory Curation
healthanxiety,Structured Community,0.8181818181818182,Participatory Curation
healthcare_anon,Structured Community,1.0,Participatory Curation
healthinsurance,Strict Moderation,0.0,Pre-emptive Censorship
healthquestions,Organized Discussion,0.3333333333333333,Pre-emptive Censorship
healthyeatingnow,Structured Community,1.0,Participatory Curation
healthygamergg,Organized Discussion,0.3333333333333333,Pre-emptive Censorship
hearthealth,Structured Community,1.0,Participatory Curation
herpescureadvocates,Structured Community,1.0,Participatory Curation
hospital,Balanced Approach,0.5,Moderate/Neutral
indiamentalhealth,Balanced Approach,0.6666666666666666,Participatory Curation
irishwomenshealth,Balanced Approach,0.5,Moderate/Neutral
kidneycancer,Strict Moderation,0.0,Pre-emptive Censorship
kratomhealthusa,Structured Community,1.0,Participatory Curation
lgbtqmentalhealth,Balanced Approach,0.5,Moderate/Neutral
longcovid,Structured Community,1.0,Participatory Curation
malesexualhealth,Balanced Approach,0.5,Moderate/Neutral
medicationquestions,Strict Moderation,0.0,Pre-emptive Censorship
mentalhealthuk,Organized Discussion,0.6666666666666666,Participatory Curation
midihealth,Balanced Approach,0.6666666666666666,Participatory Curation
military_medicine,Strict Moderation,0.0,Pre-emptive Censorship
naturopathicmedicine,Balanced Approach,0.5,Moderate/Neutral
neuropsychology,Balanced Approach,0.6,Moderate/Neutral
nursinghome,Structured Community,1.0,Participatory Curation
occupationaltherapy,Structured Community,1.0,Participatory Curation
occupationaltherapyph,Balanced Approach,0.5,Moderate/Neutral
openheartsurgery,Balanced Approach,0.5,Moderate/Neutral
pediatriccancer,Strict Moderation,0.0,Pre-emptive Censorship
plasticsurgery,Structured Community,1.0,Participatory Curation
pmddxadhd,Balanced Approach,0.5,Moderate/Neutral
pomhealth,Organized Discussion,0.3333333333333333,Pre-emptive Censorship
publichealthinfo,Structured Community,1.0,Participatory Curation
radiationtherapy,Structured Community,1.0,Participatory Curation
santementale,Strict Moderation,0.0,Pre-emptive Censorship
schematherapy,Strict Moderation,0.0,Pre-emptive Censorship
separation_anxiety,Balanced Approach,0.5,Moderate/Neutral
talesfromthepharmacy,Balanced Approach,0.5,Moderate/Neutral
talktherapy,Balanced Approach,0.5,Moderate/Neutral
thenurserynurse,Structured Community,1.0,Participatory Curation
thepatient,Structured Community,1.0,Participatory Curation
thevaccines,Balanced Approach,0.5,Moderate/Neutral
thyroideyedisease,Strict Moderation,0.0,Pre-emptive Censorship
tmstherapy,Structured Community,1.0,Participatory Curation
top_surgery_peri,Structured Community,1.0,Participatory Curation
traumatherapy,Strict Moderation,0.0,Pre-emptive Censorship
twoxadhd,Strict Moderation,0.2,Pre-emptive Censorship
universalhealthcare,Balanced Approach,0.5,Moderate/Neutral
vaccine,Structured Community,0.8,Participatory Curation
vascularsurgery,Strict Moderation,0.0,Pre-emptive Censorship
veterinarymedicine,Balanced Approach,0.5,Moderate/Neutral
vyvanseadhd,Organized Discussion,0.6666666666666666,Participatory Curation
womenspelvichealth,Structured Community,0.75,Participatory Curation
adhdwomen,Organized Discussion,0.5,Moderate/Neutral
cardio,Structured Community,1.0,Participatory Curation
clinicalresearch,Structured Community,1.0,Participatory Curation
depressionmeals,Balanced Approach,0.5,Moderate/Neutral
disease,Structured Community,1.0,Participatory Curation
hospitalist,Balanced Approach,0.5,Moderate/Neutral
malementalhealth,Balanced Approach,0.5,Moderate/Neutral
medicine,Structured Community,0.8,Participatory Curation
mental,Balanced Approach,0.3333333333333333,Pre-emptive Censorship
mentalillness,Strict Moderation,0.0,Pre-emptive Censorship
nursepractitioner,Balanced Approach,0.5,Moderate/Neutral
pharmacy,Balanced Approach,0.5,Moderate/Neutral
phdpublichealth,Structured Community,1.0,Participatory Curation
physicaltherapy,Balanced Approach,0.3333333333333333,Pre-emptive Censorship
prediabetes,Structured Community,0.8333333333333334,Participatory Curation
psychnursing,Structured Community,1.0,Participatory Curation
psychologystudents,Organized Discussion,0.3333333333333333,Pre-emptive Censorship
rarediseases,Structured Community,0.75,Participatory Curation
redlighttherapy,Balanced Approach,0.5,Moderate/Neutral
skincancer,Balanced Approach,0.5,Moderate/Neutral
sportspsychology,Structured Community,1.0,Participatory Curation
therapydogs,Structured Community,1.0,Participatory Curation
wildernessmedicine,Organized Discussion,0.6666666666666666,Participatory Curation
